id,nome,classe_preferita,costo_energia,descrizione_narrativa,effetto_meccanico,target,valore_numerico,tag_sinergia,durata,tag,applica_status,ignora_difesa,ignora_scudo
ATK_COLPO_DECISO,Colpo Deciso,universale,1,"Un colpo netto, senza fronzoli. Niente magia, niente acrobazie. Solo la determinazione di chiudere la questione.",Infligge danno diretto al bersaglio. Nessun effetto secondario.,nemico,4,base,immediato,impatto,,false,false
ATK_FENDENTE,Fendente,guerriero,1,"Un colpo largo, calato di taglio. Niente di sofisticato, ma se prendi qualcuno di sguincio, il taglio non si chiude facilmente.","Infligge 4 danno. Se il bersaglio ha già status 'sanguinamento', il danno diventa 6.",nemico,4,forza,immediato,taglio,,false,false
ATK_CARICA_DEVASTANTE,Carica Devastante,guerriero,2,"Le gambe spingono il corpo come un ariete. Quando l'arma arriva, tutto il peso del Guerriero è dietro la lama. Chi prende il colpo non resta in piedi facilmente.","Infligge 7 danno e applica al bersaglio lo status 'sanguinamento' (intensita 2, durata 2 turni).",nemico,7,forza|sanguinamento,immediato,impatto|taglio,"{""tipo"":""sanguinamento"",""intensita"":2,""durata_residua"":2}",false,false
ATK_LAMPO_GELO,Lampo di Gelo,mago,1,"Un dardo di freddo lacerante, sparato dalla punta delle dita. Non fa molto male da solo, ma rallenta tutto quello che tocca.","Infligge 3 danno e applica al bersaglio status 'gelo' (intensita 1, durata 2). Il gelo riduce di 1 il danno_base del nemico nei suoi turni.",nemico,3,gelo|manipolazione,immediato,acqua|gelo,"{""tipo"":""gelo"",""intensita"":1,""durata_residua"":2}",false,false
ATK_ESPLOSIONE_FUOCO,Esplosione di Fuoco,mago,2,"Un'onda di calore concentrata in un punto. Quando incontra qualcosa, deflagra. Se il bersaglio è gelato, il vapore fa il resto.","Infligge 7 danno. Se il bersaglio ha status 'gelo', danno diventa 10 e applica 'ustione' (intensita 1, durata 2).",nemico,7,fuoco,immediato,fuoco,,false,false
ATK_COLTELLO_AVVELENATO,Coltello Avvelenato,ladro,1,"Un piccolo gesto, dal basso. La lama è sottile, quasi inutile. Quello che la rende pericolosa è la pasta nera che la ricopre.","Infligge 4 danno e applica al bersaglio status 'veleno' (intensita 2, durata 3).",nemico,4,veleno|furtività,immediato,perforante|veleno,"{""tipo"":""veleno"",""intensita"":2,""durata_residua"":3}",false,false
ATK_COLPO_DALL_OMBRA,Colpo dall'Ombra,ladro,2,"Sparisci. Quando riappari, è già fatta. Il bersaglio non ha mai capito da dove sia arrivato il colpo.","Infligge 8 danno. Se è il primo attacco giocato in questo turno, ignora la difesa del bersaglio.",nemico,8,furtività,immediato,taglio|furtivita,,false,false
ATK_LUCE_PURGATRICE,Luce Purgatrice,guaritore,1,"Una luce calda, breve come un respiro. Brucia solo quello che merita di bruciare.","Infligge 4 danno. Se il bersaglio è un nemico di categoria 'comune', danno diventa 6.",nemico,4,sacro,immediato,luce|sacro,,false,false
ATK_GIUDIZIO_DIVINO,Giudizio Divino,guaritore,2,"Un peso che cade dall'alto, scelto da qualcuno che non si vede. Si abbatte sul bersaglio come una sentenza.","Infligge 6 danno a un nemico e cura 3 PV al PG che la gioca.",nemico,6,sacro|cura,immediato,luce|sacro,,false,false
